{"cameraMode":{"drawMode":0,"name":"Shaded","section":"Shading Mode"},"sceneLighting":true,"audioPlay":false,"sceneViewState":{"showFog":true,"showMaterialUpdate":false,"showSkybox":true,"showFlares":true,"showImageEffects":true,"showParticleSystems":true},"in2DMode":false,"pivot":{"x":719.541748046875,"y":293.12725830078127,"z":-46.916778564453128},"rotation":{"x":-0.21315878629684449,"y":0.004980070982128382,"z":-0.0010864516953006387,"w":-0.9770042896270752},"size":545.8712158203125,"orthographic":false}